{
  "train_loss": [
    3.1089135578700473,
    2.1026829310825894,
    1.606683271271842
  ],
  "val_loss": [
    1.3150480474744524,
    1.5389541728155953,
    1.1598608919552393
  ],
  "train_metrics": [
    {
      "overall_dice": 0.9425884266205161,
      "overall_iou": 3.2564909053466455,
      "pixel_accuracy": 0.2980749947684152,
      "avg_dice": 0.22413221923594392,
      "avg_iou": 0.146693884246294,
      "avg_precision": 0.41944746291039203,
      "avg_recall": 0.19959460541034207,
      "avg_f1": 0.22413221912330003,
      "dice_class_0": 0.4734429305485571,
      "dice_class_1": 0.09365697301019771,
      "dice_class_2": 0.06524021744050096,
      "dice_class_3": 0.1601058955193359,
      "dice_class_4": 0.20608595333097157,
      "dice_class_5": 0.07143615801194221,
      "iou_class_0": 0.32392179123219655,
      "iou_class_1": 0.052494539600832724,
      "iou_class_2": 0.03529655385285939,
      "iou_class_3": 0.08756971502702267,
      "iou_class_4": 0.11488061748413213,
      "iou_class_5": 0.03744791863909323,
      "precision_class_0": 0.9475202504123376,
      "precision_class_1": 0.1224492837204459,
      "precision_class_2": 0.09084716062692752,
      "precision_class_3": 0.09110633366285573,
      "precision_class_4": 0.17216867469879518,
      "precision_class_5": 0.16453733510892035,
      "recall_class_0": 0.32947114684052253,
      "recall_class_1": 0.1958204108732582,
      "recall_class_2": 0.06258964384174544,
      "recall_class_3": 0.6602981337544761,
      "recall_class_4": 0.25664511494252873,
      "recall_class_5": 0.05299337697043991,
      "f1_class_0": 0.4734429305411421,
      "f1_class_1": 0.09365697270958782,
      "f1_class_2": 0.06524021727673933,
      "f1_class_3": 0.16010589549414728,
      "f1_class_4": 0.20608595327372367,
      "f1_class_5": 0.07143615792797293
    },
    {
      "overall_dice": 1.3244685121650535,
      "overall_iou": -1.716197307333623,
      "pixel_accuracy": 0.4549228123256138,
      "avg_dice": 0.3142024014689667,
      "avg_iou": 0.21978102255469517,
      "avg_precision": 0.467370149490856,
      "avg_recall": 0.27326152738739407,
      "avg_f1": 0.31420240134178995,
      "dice_class_0": 0.6553513300367264,
      "dice_class_1": 0.06386545380174112,
      "dice_class_2": 0.13841300609763582,
      "dice_class_3": 0.22075055091816131,
      "dice_class_4": 0.504955990840936,
      "dice_class_5": 0.2076310627546889,
      "iou_class_0": 0.4959707646649084,
      "iou_class_1": 0.03421604288432896,
      "iou_class_2": 0.07624789820603638,
      "iou_class_3": 0.12408581871560406,
      "iou_class_4": 0.3377532619775376,
      "iou_class_5": 0.11834396865825715,
      "precision_class_0": 0.9533835543947582,
      "precision_class_1": 0.0689952538820084,
      "precision_class_2": 0.23211248203445997,
      "precision_class_3": 0.12989193362335238,
      "precision_class_4": 0.45208007951157175,
      "precision_class_5": 0.37299904396887257,
      "recall_class_0": 0.508663401276416,
      "recall_class_1": 0.10275616858722102,
      "recall_class_2": 0.1177026900922535,
      "recall_class_3": 0.7443959859046188,
      "recall_class_4": 0.5718390804597702,
      "recall_class_5": 0.17430318396614733,
      "f1_class_0": 0.6553513300324285,
      "f1_class_1": 0.0638654534041148,
      "f1_class_2": 0.13841300594018272,
      "f1_class_3": 0.22075055088936435,
      "f1_class_4": 0.5049559908016811,
      "f1_class_5": 0.20763106268593853
    },
    {
      "overall_dice": 1.4491559404449859,
      "overall_iou": -7.430816004897301,
      "pixel_accuracy": 0.5819658551897321,
      "avg_dice": 0.39339547536584074,
      "avg_iou": 0.29212644528489534,
      "avg_precision": 0.5324443631308828,
      "avg_recall": 0.3546269684208771,
      "avg_f1": 0.3933954752192738,
      "dice_class_0": 0.764059670621436,
      "dice_class_1": 0.0770209378260246,
      "dice_class_2": 0.21179328179422627,
      "dice_class_3": 0.22162479567508084,
      "dice_class_4": 0.143407707997626,
      "dice_class_5": 0.2564382765230923,
      "iou_class_0": 0.6285533672922778,
      "iou_class_1": 0.04126431566906281,
      "iou_class_2": 0.12474081786808519,
      "iou_class_3": 0.12462347337393614,
      "iou_class_4": 0.07724243427540232,
      "iou_class_5": 0.15084846157019763,
      "precision_class_0": 0.9621664016547308,
      "precision_class_1": 0.12867001775235273,
      "precision_class_2": 0.3218567436810772,
      "precision_class_3": 0.13827918757632113,
      "precision_class_4": 0.1647250698974837,
      "precision_class_5": 0.40226661478947623,
      "recall_class_0": 0.642288085750472,
      "recall_class_1": 0.14995180060321417,
      "recall_class_2": 0.1956547271524474,
      "recall_class_3": 0.5603074130493364,
      "recall_class_4": 0.12697557471264367,
      "recall_class_5": 0.23589622939581487,
      "f1_class_0": 0.7640596706186616,
      "f1_class_1": 0.0770209372371493,
      "f1_class_2": 0.21179328163384983,
      "f1_class_3": 0.22162479563720378,
      "f1_class_4": 0.1434077079107505,
      "f1_class_5": 0.25643827645048406
    }
  ],
  "val_metrics": [
    {
      "overall_dice": 0.9457868559431001,
      "overall_iou": 3.645622823374492,
      "pixel_accuracy": 0.512380872453962,
      "avg_dice": 0.2893371859149337,
      "avg_iou": 0.212720695498238,
      "avg_precision": 0.512920350204406,
      "avg_recall": 0.26547091071862555,
      "avg_f1": 0.2893371855238223,
      "dice_class_0": 0.6853875641564507,
      "dice_class_1": 0.08448679101452582,
      "dice_class_2": 0.12566974677853743,
      "dice_class_3": 0.04753623195307708,
      "dice_class_4": 0.13471427090951693,
      "dice_class_5": 0.06894833003741088,
      "iou_class_0": 0.5490473547622372,
      "iou_class_1": 0.0455386376160003,
      "iou_class_2": 0.06923954028299431,
      "iou_class_3": 0.02434679342158946,
      "iou_class_4": 0.07716842919867375,
      "iou_class_5": 0.03640435593144314,
      "precision_class_0": 0.9213197514759518,
      "precision_class_1": 0.16399459533994434,
      "precision_class_2": 0.28585115386635473,
      "precision_class_3": 0.029427597344338776,
      "precision_class_4": 0.2633995952912924,
      "precision_class_5": 0.35042782729765465,
      "recall_class_0": 0.5877790920766539,
      "recall_class_1": 0.17808912043869407,
      "recall_class_2": 0.14375924452779373,
      "recall_class_3": 0.12358703843255464,
      "recall_class_4": 0.09064302047554353,
      "recall_class_5": 0.042675353705261376,
      "f1_class_0": 0.6853875641525898,
      "f1_class_1": 0.0844867898866091,
      "f1_class_2": 0.12566974651660026,
      "f1_class_3": 0.04753623188405797,
      "f1_class_4": 0.134714270863499,
      "f1_class_5": 0.06894832985173803
    },
    {
      "overall_dice": 0.9317230501237912,
      "overall_iou": 1.242582349756704,
      "pixel_accuracy": 0.3949775695800781,
      "avg_dice": 0.2574816779864233,
      "avg_iou": 0.17753905372003173,
      "avg_precision": 0.453049696774682,
      "avg_recall": 0.2595722189882283,
      "avg_f1": 0.25748167772141184,
      "dice_class_0": 0.5730774614306962,
      "dice_class_1": 0.013053941812410893,
      "dice_class_2": 0.21159880891170837,
      "dice_class_3": 0.018004602746852266,
      "dice_class_4": 0.28060513838713275,
      "dice_class_5": 0.024698358507199637,
      "iou_class_0": 0.41854717417821236,
      "iou_class_1": 0.0066187420573011945,
      "iou_class_2": 0.1244499479294839,
      "iou_class_3": 0.00908407902403633,
      "iou_class_4": 0.16457678298578388,
      "iou_class_5": 0.013178784304126966,
      "precision_class_0": 0.9537582229275285,
      "precision_class_1": 0.012480778150135341,
      "precision_class_2": 0.21562207429045901,
      "precision_class_3": 0.010973597359735974,
      "precision_class_4": 0.26430155132941274,
      "precision_class_5": 0.2563613625063437,
      "recall_class_0": 0.4274993829971779,
      "recall_class_1": 0.027597070166512052,