{
  "train_loss": [
    3.0651614665985107,
    1.8030321257455009,
    1.4345451593399048
  ],
  "val_loss": [
    1.7246579272406442,
    1.523451226098197,
    1.018084807055337
  ],
  "train_metrics": [
    {
      "overall_dice": 0.9451714540920726,
      "overall_iou": 12.434680646916986,
      "pixel_accuracy": 0.24177660260881698,
      "avg_dice": 0.2035026666220166,
      "avg_iou": 0.1252795835048376,
      "avg_precision": 0.4171319914738783,
      "avg_recall": 0.1528917784669663,
      "avg_f1": 0.2035026665197592,
      "dice_class_0": 0.40033991510150624,
      "dice_class_1": 0.021176811225691816,
      "dice_class_2": 0.06988977394121627,
      "dice_class_3": 0.10190486421949323,
      "dice_class_4": 0.21088967046988116,
      "dice_class_5": 0.15045476405711336,
      "iou_class_0": 0.25742797932042644,
      "iou_class_1": 0.010971716379276917,
      "iou_class_2": 0.03676060828949775,
      "iou_class_3": 0.05377429741919969,
      "iou_class_4": 0.11787404444419824,
      "iou_class_5": 0.08353132909964976,
      "precision_class_0": 0.8915084381728027,
      "precision_class_1": 0.019912173882684795,
      "precision_class_2": 0.09135051924122839,
      "precision_class_3": 0.07628645785750246,
      "precision_class_4": 0.12879872712808274,
      "precision_class_5": 0.32051877757682273,
      "recall_class_0": 0.2630080397718258,
      "recall_class_1": 0.038888403180128754,
      "recall_class_2": 0.06799518905837397,
      "recall_class_3": 0.1603751904151022,
      "recall_class_4": 0.5815373563218391,
      "recall_class_5": 0.11341138789768694,
      "f1_class_0": 0.40033991509296424,
      "f1_class_1": 0.021176810982206574,
      "f1_class_2": 0.06988977377683482,
      "f1_class_3": 0.10190486414508337,
      "f1_class_4": 0.2108896704441839,
      "f1_class_5": 0.15045476397201493
    },
    {
      "overall_dice": 1.3582311566302852,
      "overall_iou": 5.2563660483439,
      "pixel_accuracy": 0.4821679251534598,
      "avg_dice": 0.3956034684992479,
      "avg_iou": 0.27982211261241585,
      "avg_precision": 0.5441449616337632,
      "avg_recall": 0.34102136408276085,
      "avg_f1": 0.39560346839709515,
      "dice_class_0": 0.6694298962770053,
      "dice_class_1": 0.005917669934080043,
      "dice_class_2": 0.27260433698369585,
      "dice_class_3": 0.048138420315842353,
      "dice_class_4": 0.31738417878573033,
      "dice_class_5": 0.3393612519965042,
      "iou_class_0": 0.5107606551905713,
      "iou_class_1": 0.0029887718783058576,
      "iou_class_2": 0.16410574340657136,
      "iou_class_3": 0.02496932689870792,
      "iou_class_4": 0.188625457348381,
      "iou_class_5": 0.20839303915440682,
      "precision_class_0": 0.9699101738128589,
      "precision_class_1": 0.009634847591982772,
      "precision_class_2": 0.30304830720001813,
      "precision_class_3": 0.03820180330469904,
      "precision_class_4": 0.20412360532675203,
      "precision_class_5": 0.4628891039634175,
      "recall_class_0": 0.5192939761517946,
      "recall_class_1": 0.008365971869012123,
      "recall_class_2": 0.32085256088895403,
      "recall_class_3": 0.06637635471988143,
      "recall_class_4": 0.7130028735632183,
      "recall_class_5": 0.2949440998539652,
      "f1_class_0": 0.6694298962729962,
      "f1_class_1": 0.005917669508570626,
      "f1_class_2": 0.2726043368742654,
      "f1_class_3": 0.048138420239305285,
      "f1_class_4": 0.31738417875844427,
      "f1_class_5": 0.33936125194316713
    },
    {
      "overall_dice": 1.5919187780336463,
      "overall_iou": -1.754892063000574,
      "pixel_accuracy": 0.6239520481654576,
      "avg_dice": 0.4425971084365717,
      "avg_iou": 0.33382123861845286,
      "avg_precision": 0.5286773320387358,
      "avg_recall": 0.40430822984992093,
      "avg_f1": 0.4425971082934261,
      "dice_class_0": 0.7915287493159331,
      "dice_class_1": 0.006357151974317079,
      "dice_class_2": 0.3128740884794942,
      "dice_class_3": 0.05231722601275529,
      "dice_class_4": 0.25473302350897103,
      "dice_class_5": 0.3996902739609016,
      "iou_class_0": 0.6604429532832399,
      "iou_class_1": 0.0032098414960575346,
      "iou_class_2": 0.19314867226095175,
      "iou_class_3": 0.026984881674326135,
      "iou_class_4": 0.1459564794318963,
      "iou_class_5": 0.25495286354126234,
      "precision_class_0": 0.9642330272362533,
      "precision_class_1": 0.019776488994242513,
      "precision_class_2": 0.3324065095089173,
      "precision_class_3": 0.05799185999185999,
      "precision_class_4": 0.18610236872618852,
      "precision_class_5": 0.48383139981155504,
      "recall_class_0": 0.6762534353045553,
      "recall_class_1": 0.005519639010675237,
      "recall_class_2": 0.35637271452128466,
      "recall_class_3": 0.047660251677103166,
      "recall_class_4": 0.4035560344827586,
      "recall_class_5": 0.36629781974378606,
      "f1_class_0": 0.7915287493136361,
      "f1_class_1": 0.0063571513680480765,
      "f1_class_2": 0.312874088372939,
      "f1_class_3": 0.05231722588470814,
      "f1_class_4": 0.2547330234667271,
      "f1_class_5": 0.39969027391361733
    }
  ],
  "val_metrics": [
    {
      "overall_dice": 1.0253923643495297,
      "overall_iou": 2.1841017953185786,
      "pixel_accuracy": 0.2642326354980469,
      "avg_dice": 0.1884963100925714,
      "avg_iou": 0.12094374463336958,
      "avg_precision": 0.5218317438134096,
      "avg_recall": 0.1393049912642236,
      "avg_f1": 0.18849630947329502,
      "dice_class_0": 0.4245723803998057,
      "dice_class_1": 0.03433657372046569,
      "dice_class_2": 0.08915695240338642,
      "dice_class_3": 0.019550342450456063,
      "dice_class_4": 0.42613130476545746,
      "dice_class_5": 0.015202404079723258,
      "iou_class_0": 0.2797863485493567,
      "iou_class_1": 0.019318048142616267,
      "iou_class_2": 0.04735361192976774,
      "iou_class_3": 0.009871668637752002,
      "iou_class_4": 0.27103909732898607,
      "iou_class_5": 0.007803181879400787,
      "precision_class_0": 0.9669992921600438,
      "precision_class_1": 0.05298077876097664,
      "precision_class_2": 0.30465601245997725,
      "precision_class_3": 0.07228915662650602,
      "precision_class_4": 0.2747204494308356,
      "precision_class_5": 0.40740977199533096,
      "recall_class_0": 0.2820201962466936,
      "recall_class_1": 0.03156825006814599,
      "recall_class_2": 0.058724324238396984,
      "recall_class_3": 0.011303692539562924,
      "recall_class_4": 0.9553040283444743,
      "recall_class_5": 0.007850213162582078,
      "f1_class_0": 0.4245723803913552,
      "f1_class_1": 0.03433657120582477,
      "f1_class_2": 0.08915695207633688,
      "f1_class_3": 0.019550342130987292,
      "f1_class_4": 0.4261313047568347,
      "f1_class_5": 0.015202403835066864
    },
    {
      "overall_dice": 1.2844463137094435,
      "overall_iou": 1.303206695291496,
      "pixel_accuracy": 0.4921727861676897,
      "avg_dice": 0.3072114036383318,
      "avg_iou": 0.22642070805754597,
      "avg_precision": 0.5542807361936786,
      "avg_recall": 0.24684456684421324,
      "avg_f1": 0.3072114030506423,
      "dice_class_0": 0.6881865210371122,
      "dice_class_1": 0.02037068850577119,
      "dice_class_2": 0.14640193043845204,
      "dice_class_3": 0.009338904151059497,
      "dice_class_4": 0.5267789036258705,
      "dice_class_5": 0.07880912833520809,
      "iou_class_0": 0.5363983472080631,
      "iou_class_1": 0.010475535564240563,
      "iou_class_2": 0.08179634165953846,
      "iou_class_3": 0.004691358270446579,
      "iou_class_4": 0.3609999720996458,
      "iou_class_5": 0.04235348302784748,
      "precision_class_0": 0.9678749459577751,
      "precision_class_1": 0.04775548432287012,
      "precision_class_2": 0.36336665188009193,
      "precision_class_3": 0.01342756183745583,
      "precision_class_4": 0.3754106349861419,
      "precision_class_5": 0.5047763359541615,
      "recall_class_0": 0.5466117830374583,